ncalls,tottime,percall,cumtime,percall,filename:lineno(function)
23/1,0.000,0.000,47.308,47.308,{built-in method builtins.exec}
2/1,0.328,0.164,47.308,47.308,<string>:1(<module>)
2/1,3.001,1.501,46.980,46.980,data_extractor.py:32(prepare_pages)
2/1,0.016,0.008,46.980,46.980,data_extractor.py:27(parse_pages_wiki)
774107/5000,6.327,0.000,46.806,0.009,utils.py:37(parse_anything)
5000,0.019,0.000,46.668,0.009,__init__.py:68(parse)
5000,0.701,0.000,42.759,0.009,builder.py:326(build)
891049/375688,0.957,0.000,41.434,0.000,builder.py:318(_handle_token)
95998/89170,1.533,0.000,31.259,0.000,builder.py:109(_handle_template)
236552/222064,3.009,0.000,26.289,0.000,builder.py:83(_handle_parameter)
236552,1.444,0.000,12.918,0.000,parameter.py:38(__init__)
74761/74514,1.107,0.000,7.395,0.000,builder.py:270(_handle_tag)
489670,1.272,0.000,5.214,0.000,builder.py:71(_pop)
236552,0.216,0.000,4.476,0.000,parameter.py:69(name)
774270,4.245,0.000,4.245,0.000,wikicode.py:58(__init__)
74761,0.494,0.000,4.229,0.000,tag.py:33(__init__)
1,4.165,4.165,4.165,4.165,{method 'fetchall' of 'sqlite3.Cursor' objects}
236552,0.191,0.000,4.033,0.000,parameter.py:73(value)
5000,3.887,0.001,3.890,0.001,{method 'tokenize' of '_tokenizer.CTokenizer' objects}
2323247/2323242,2.447,0.000,3.802,0.000,<frozen importlib._bootstrap>:1390(_handle_fromlist)
1539330,1.582,0.000,3.639,0.000,data_extractor.py:21(finer_quick_filter)
3097388,2.067,0.000,3.349,0.000,<frozen importlib._bootstrap>:645(parent)
676865,1.094,0.000,3.291,0.000,builder.py:41(<lambda>)
1539330,1.569,0.000,3.036,0.000,data_extractor.py:18(quick_page_filter)
236552,0.426,0.000,2.965,0.000,parameter.py:77(showkey)
215302,0.506,0.000,2.481,0.000,parameter.py:49(can_hide_key)
1222923,0.571,0.000,2.057,0.000,{built-in method builtins.all}
74761,0.074,0.000,1.919,0.000,tag.py:222(contents)
892167,1.408,0.000,1.903,0.000,text.py:30(__init__)
95998,0.174,0.000,1.894,0.000,template.py:40(__init__)
6160844,1.771,0.000,1.772,0.000,{built-in method builtins.isinstance}
95998,0.088,0.000,1.720,0.000,template.py:196(name)
774270,1.238,0.000,1.559,0.000,smart_list.py:54(__new__)
1351351,1.486,0.000,1.486,0.000,data_extractor.py:24(<genexpr>)
1539394,0.691,0.000,1.468,0.000,{built-in method builtins.any}
74761,0.077,0.000,1.420,0.000,tag.py:218(tag)
27967,0.211,0.000,1.308,0.000,builder.py:213(_handle_heading)
3097522,1.282,0.000,1.282,0.000,{method 'rpartition' of 'str' objects}
1082493,0.786,0.000,1.171,0.000,tokens.py:50(__getattr__)
891049,0.690,0.000,1.026,0.000,builder.py:79(_write)
215408,0.311,0.000,0.955,0.000,__init__.py:164(match)
215581,0.565,0.000,0.932,0.000,wikicode.py:62(__str__)
2324178,0.840,0.000,0.840,0.000,{built-in method builtins.hasattr}
1855737,0.777,0.000,0.777,0.000,data_extractor.py:19(<genexpr>)
2102470,0.774,0.000,0.774,0.000,{method 'pop' of 'list' objects}
14209/14162,0.119,0.000,0.743,0.000,builder.py:150(_handle_wikilink)
1854407,0.679,0.000,0.679,0.000,{method 'append' of 'list' objects}
27967,0.069,0.000,0.632,0.000,heading.py:31(__init__)
5/4,0.000,0.000,0.590,0.148,threading.py:637(wait)
5/4,0.000,0.000,0.590,0.148,threading.py:323(wait)
24/18,0.590,0.025,0.590,0.033,{method 'acquire' of '_thread.lock' objects}
27967,0.026,0.000,0.537,0.000,heading.py:60(title)
1539330,0.511,0.000,0.511,0.000,data_extractor.py:14(make_translation_line_string)
489670,0.349,0.000,0.505,0.000,builder.py:67(_push)
892167,0.495,0.000,0.495,0.000,text.py:48(value)
215409,0.267,0.000,0.388,0.000,__init__.py:280(_compile)
1082612,0.385,0.000,0.385,0.000,{method 'get' of 'dict' objects}
14209,0.036,0.000,0.337,0.000,wikilink.py:31(__init__)
774437,0.322,0.000,0.322,0.000,{built-in method __new__ of type object at 0xa43b40}
14209,0.013,0.000,0.268,0.000,wikilink.py:70(title)
215408,0.257,0.000,0.257,0.000,{method 'match' of 're.Pattern' objects}
215645,0.156,0.000,0.209,0.000,text.py:34(__str__)
5001,0.014,0.000,0.156,0.000,std.py:1160(__iter__)
247,0.004,0.000,0.139,0.001,std.py:1198(update)
74761,0.115,0.000,0.135,0.000,tag.py:226(wiki_markup)
248,0.002,0.000,0.133,0.001,std.py:1325(refresh)
249,0.002,0.000,0.128,0.001,std.py:1464(display)
215958,0.100,0.000,0.101,0.000,{method 'join' of 'str' objects}
5463,0.005,0.000,0.098,0.000,tag.py:254(closing_tag)
215302,0.090,0.000,0.090,0.000,{method 'strip' of 'str' objects}
249,0.003,0.000,0.086,0.000,std.py:1150(__str__)
249,0.018,0.000,0.080,0.000,std.py:464(format_meter)
747,0.001,0.000,0.072,0.000,utils.py:378(disp_len)
916,0.012,0.000,0.071,0.000,builder.py:168(_handle_external_link)
747,0.002,0.000,0.069,0.000,utils.py:374(_text_width)
36/4,0.001,0.000,0.068,0.017,<frozen importlib._bootstrap>:1349(_find_and_load)
747,0.016,0.000,0.067,0.000,{built-in method builtins.sum}
36/4,0.000,0.000,0.067,0.017,<frozen importlib._bootstrap>:1304(_find_and_load_unlocked)
35/4,0.000,0.000,0.066,0.017,<frozen importlib._bootstrap>:911(_load_unlocked)
21/3,0.000,0.000,0.065,0.022,<frozen importlib._bootstrap_external>:989(exec_module)
5,0.000,0.000,0.061,0.012,std.py:760(get_lock)
1,0.000,0.000,0.061,0.061,std.py:90(__init__)
1,0.000,0.000,0.061,0.061,std.py:116(create_mp_lock)
236552,0.061,0.000,0.061,0.000,parameter.py:64(showkey)
81/8,0.000,0.000,0.060,0.007,<frozen importlib._bootstrap>:480(_call_with_frames_removed)
215645,0.059,0.000,0.059,0.000,wikicode.py:277(nodes)
215302,0.058,0.000,0.058,0.000,parameter.py:54(name)
215645,0.053,0.000,0.053,0.000,text.py:43(value)
79774,0.034,0.000,0.051,0.000,utils.py:375(<genexpr>)
74761,0.044,0.000,0.044,0.000,tag.py:232(self_closing)
6/3,0.000,0.000,0.044,0.015,{built-in method builtins.__import__}
249,0.001,0.000,0.040,0.000,std.py:457(print_status)
916,0.004,0.000,0.037,0.000,external_link.py:31(__init__)
74761,0.036,0.000,0.036,0.000,tag.py:236(invalid)
14209,0.006,0.000,0.033,0.000,wikilink.py:74(text)
74761,0.032,0.000,0.032,0.000,tag.py:240(implicit)
249,0.001,0.000,0.030,0.000,utils.py:386(disp_trim)
1,0.000,0.000,0.030,0.030,__init__.py:1(<module>)
916,0.004,0.000,0.030,0.000,external_link.py:83(url)
1,0.000,0.000,0.028,0.028,context.py:1(<module>)
21,0.001,0.000,0.027,0.001,<frozen importlib._bootstrap_external>:1062(get_code)
27967,0.027,0.000,0.027,0.000,heading.py:64(level)
74761,0.026,0.000,0.026,0.000,tag.py:258(wiki_style_separator)
74761,0.025,0.000,0.025,0.000,tag.py:244(padding)
1,0.000,0.000,0.025,0.025,context.py:70(RLock)
1,0.000,0.000,0.023,0.023,synchronize.py:1(<module>)
74161,0.020,0.000,0.020,0.000,tag.py:205(closing_wiki_markup)
1,0.000,0.000,0.019,0.019,reduction.py:1(<module>)
79027,0.018,0.000,0.018,0.000,{built-in method unicodedata.east_asian_width}
21,0.000,0.000,0.016,0.001,<frozen importlib._bootstrap_external>:1183(get_data)
5000,0.014,0.000,0.016,0.000,__init__.py:59(__init__)
21,0.015,0.001,0.015,0.001,{method 'read' of '_io.BufferedReader' objects}
1,0.006,0.006,0.015,0.015,random.py:359(sample)
1,0.000,0.000,0.011,0.011,tempfile.py:1(<module>)
1,0.000,0.000,0.011,0.011,socket.py:1(<module>)
54,0.001,0.000,0.011,0.000,builder.py:238(_handle_attribute)
7,0.002,0.000,0.010,0.001,enum.py:919(_convert_)
249,0.001,0.000,0.010,0.000,std.py:451(fp_write)
1,0.002,0.002,0.009,0.009,shutil.py:1(<module>)
21,0.001,0.000,0.009,0.000,<frozen importlib._bootstrap_external>:751(_compile_bytecode)
500,0.001,0.000,0.008,0.000,utils.py:194(inner)
251,0.008,0.000,0.008,0.000,{method 'write' of '_io.TextIOWrapper' objects}
1,0.000,0.000,0.007,0.007,util.py:1(<module>)
21,0.007,0.000,0.007,0.000,{built-in method marshal.loads}
54,0.000,0.000,0.007,0.000,attribute.py:36(__init__)
5028,0.004,0.000,0.007,0.000,random.py:242(_randbelow_with_getrandbits)
36,0.001,0.000,0.007,0.000,<frozen importlib._bootstrap>:1240(_find_spec)
498,0.003,0.000,0.006,0.000,{method 'format' of 'str' objects}
1,0.000,0.000,0.006,0.006,subprocess.py:1(<module>)
7,0.002,0.000,0.005,0.001,enum.py:1708(convert_class)
26,0.000,0.000,0.005,0.000,<frozen importlib._bootstrap_external>:1520(find_spec)
163,0.001,0.000,0.005,0.000,builder.py:226(_handle_comment)
26,0.000,0.000,0.005,0.000,<frozen importlib._bootstrap_external>:1491(_get_spec)
1,0.000,0.000,0.005,0.005,process.py:1(<module>)
35,0.000,0.000,0.004,0.000,<frozen importlib._bootstrap>:806(module_from_spec)
54,0.000,0.000,0.004,0.000,attribute.py:129(value)
52,0.001,0.000,0.004,0.000,<frozen importlib._bootstrap_external>:1593(find_spec)
1,0.000,0.000,0.004,0.004,pickle.py:1(<module>)
5000,0.004,0.000,0.004,0.000,{method 'reverse' of 'list' objects}
70,0.002,0.000,0.004,0.000,{built-in method builtins.__build_class__}
497,0.003,0.000,0.004,0.000,std.py:400(format_interval)
66,0.000,0.000,0.004,0.000,attribute.py:63(_value_needs_quotes)
1483,0.004,0.000,0.004,0.000,std.py:231(__call__)
1,0.000,0.000,0.004,0.004,signal.py:1(<module>)
498,0.002,0.000,0.003,0.000,utils.py:273(_is_ascii)
249,0.002,0.000,0.003,0.000,std.py:1446(format_dict)
916,0.001,0.000,0.003,0.000,external_link.py:90(title)
249,0.002,0.000,0.003,0.000,std.py:186(__format__)
1,0.000,0.000,0.003,0.003,bz2.py:1(<module>)
256,0.001,0.000,0.003,0.000,std.py:102(acquire)
1,0.001,0.001,0.002,0.002,locale.py:1(<module>)
36,0.000,0.000,0.002,0.000,<frozen importlib._bootstrap>:416(__enter__)
5000,0.002,0.000,0.002,0.000,builder.py:63(__init__)
4,0.000,0.000,0.002,0.001,<frozen importlib._bootstrap_external>:1287(create_module)
3,0.000,0.000,0.002,0.001,_compiler.py:740(compile)
4,0.002,0.001,0.002,0.001,{built-in method _imp.create_dynamic}
170,0.001,0.000,0.002,0.000,builder.py:196(_handle_entity)
46,0.001,0.000,0.002,0.000,<frozen importlib._bootstrap>:304(acquire)
2244,0.002,0.000,0.002,0.000,{built-in method time.time}
5035,0.002,0.000,0.002,0.000,{method 'add' of 'set' objects}
64,0.000,0.000,0.002,0.000,wikicode.py:267(<lambda>)
1,0.000,0.000,0.002,0.002,std.py:952(__init__)
747,0.002,0.000,0.002,0.000,{method 'sub' of 're.Pattern' objects}
256,0.001,0.000,0.002,0.000,std.py:106(release)
35,0.000,0.000,0.002,0.000,<frozen importlib._bootstrap>:733(_init_module_attrs)
163,0.000,0.000,0.001,0.000,comment.py:30(__init__)
248,0.001,0.000,0.001,0.000,{built-in method now}
64,0.000,0.000,0.001,0.000,wikicode.py:560(filter)
1,0.000,0.000,0.001,0.001,__init__.py:226(compile)
42,0.000,0.000,0.001,0.000,<frozen importlib._bootstrap_external>:482(cache_from_source)
266,0.001,0.000,0.001,0.000,<frozen importlib._bootstrap_external>:126(_path_join)
6947,0.001,0.000,0.001,0.000,{method 'getrandbits' of '_random.Random' objects}
10,0.000,0.000,0.001,0.000,<frozen importlib._bootstrap>:997(exec_module)
103,0.000,0.000,0.001,0.000,<frozen importlib._bootstrap_external>:140(_path_stat)
1,0.000,0.000,0.001,0.001,lzma.py:1(<module>)
540,0.001,0.000,0.001,0.000,{built-in method builtins.max}
10,0.001,0.000,0.001,0.000,{built-in method _imp.exec_builtin}
3,0.000,0.000,0.001,0.000,_parser.py:969(parse)
1,0.000,0.000,0.001,0.001,selectors.py:1(<module>)
6/3,0.000,0.000,0.001,0.000,_parser.py:452(_parse_sub)
103,0.001,0.000,0.001,0.000,{built-in method posix.stat}
5030,0.001,0.000,0.001,0.000,{method 'bit_length' of 'int' objects}
54,0.000,0.000,0.001,0.000,attribute.py:125(name)
46,0.000,0.000,0.001,0.000,<frozen importlib._bootstrap>:632(cached)
6/3,0.000,0.000,0.001,0.000,_parser.py:512(_parse)
163,0.000,0.000,0.001,0.000,comment.py:42(contents)
5270,0.001,0.000,0.001,0.000,{built-in method builtins.ord}
25,0.000,0.000,0.001,0.000,<frozen importlib._bootstrap_external>:611(_get_cached)
1785,0.001,0.000,0.001,0.000,{method 'startswith' of 'str' objects}
14,0.000,0.000,0.001,0.000,<frozen abc>:105(__new__)
46,0.000,0.000,0.001,0.000,<frozen importlib._bootstrap>:162(__enter__)
21,0.001,0.000,0.001,0.000,{built-in method _io.open_code}
1831,0.001,0.000,0.001,0.000,{method 'isupper' of 'str' objects}
2,0.000,0.000,0.001,0.000,__init__.py:355(namedtuple)
249,0.001,0.000,0.001,0.000,std.py:153(__init__)
54,0.000,0.000,0.001,0.000,attribute.py:140(quotes)
3,0.000,0.000,0.001,0.000,_compiler.py:573(_code)
295,0.000,0.000,0.001,0.000,{built-in method builtins.setattr}
440,0.000,0.000,0.001,0.000,socket.py:94(<lambda>)
1,0.000,0.000,0.001,0.001,utils.py:333(_screen_shape_linux)
128,0.000,0.000,0.001,0.000,wikicode.py:558(<genexpr>)
1243,0.001,0.000,0.001,0.000,{built-in method builtins.divmod}
439,0.000,0.000,0.001,0.000,socket.py:89(<lambda>)
2,0.000,0.000,0.001,0.000,std.py:1265(close)
438,0.000,0.000,0.001,0.000,socket.py:84(<lambda>)
116,0.000,0.000,0.001,0.000,string_mixin.py:77(__bool__)
437,0.000,0.000,0.001,0.000,socket.py:79(<lambda>)
46,0.000,0.000,0.001,0.000,<frozen importlib._bootstrap>:426(_get_module_lock)
265,0.001,0.000,0.001,0.000,{method 'update' of 'dict' objects}
46,0.000,0.000,0.001,0.000,<frozen importlib._bootstrap>:124(setdefault)
257,0.001,0.000,0.001,0.000,{method 'acquire' of '_thread.RLock' objects}
46,0.000,0.000,0.001,0.000,<frozen importlib._bootstrap>:372(release)
635,0.000,0.000,0.001,0.000,attribute.py:69(<genexpr>)
36,0.000,0.000,0.001,0.000,<frozen importlib._bootstrap>:420(__exit__)
1386/1375,0.001,0.000,0.001,0.000,{built-in method builtins.len}
916,0.001,0.000,0.001,0.000,external_link.py:94(brackets)
25,0.000,0.000,0.001,0.000,<frozen importlib._bootstrap_external>:1588(_get_spec)
128,0.000,0.000,0.001,0.000,wikicode.py:97(_indexed_ifilter)
256,0.001,0.000,0.001,0.000,{method 'acquire' of '_multiprocessing.SemLock' objects}
10,0.000,0.000,0.001,0.000,<frozen importlib._bootstrap>:463(_lock_unlock_module)
122,0.000,0.000,0.001,0.000,enum.py:850(__setattr__)
8,0.000,0.000,0.001,0.000,_monitor.py:47(get_instances)
10/3,0.000,0.000,0.000,0.000,_compiler.py:37(_compile)
7,0.000,0.000,0.000,0.000,enum.py:528(__new__)
1,0.000,0.000,0.000,0.000,synchronize.py:193(__init__)
1,0.000,0.000,0.000,0.000,synchronize.py:50(__init__)
42,0.000,0.000,0.000,0.000,<frozen importlib._bootstrap_external>:132(_path_split)
28,0.000,0.000,0.000,0.000,<frozen importlib._bootstrap_external>:159(_path_isfile)
2,0.000,0.000,0.000,0.000,{built-in method builtins.eval}
72,0.000,0.000,0.000,0.000,<frozen importlib._bootstrap_external>:1469(_path_importer_cache)
25,0.000,0.000,0.000,0.000,<frozen importlib._bootstrap_external>:802(spec_from_file_location)
4,0.000,0.000,0.000,0.000,<frozen importlib._bootstrap_external>:1295(exec_module)
7,0.000,0.000,0.000,0.000,{method 'sort' of 'list' objects}
29,0.000,0.000,0.000,0.000,<frozen importlib._bootstrap_external>:150(_path_is_mode_type)
4,0.000,0.000,0.000,0.000,{built-in method _imp.exec_dynamic}
491,0.000,0.000,0.000,0.000,{built-in method builtins.getattr}
8,0.000,0.000,0.000,0.000,_weakrefset.py:95(copy)
36,0.000,0.000,0.000,0.000,<frozen importlib._bootstrap>:982(find_spec)
162,0.000,0.000,0.000,0.000,attribute.py:77(_set_padding)
9,0.000,0.000,0.000,0.000,_weakrefset.py:37(__init__)
10,0.000,0.000,0.000,0.000,<frozen importlib._bootstrap>:989(create_module)
35,0.000,0.000,0.000,0.000,_weakrefset.py:63(__iter__)
574,0.000,0.000,0.000,0.000,{method 'rstrip' of 'str' objects}
251,0.000,0.000,0.000,0.000,{built-in method builtins.abs}
77,0.000,0.000,0.000,0.000,signal.py:9(<lambda>)
54,0.000,0.000,0.000,0.000,attribute.py:147(pad_first)
102,0.000,0.000,0.000,0.000,enum.py:942(<lambda>)
8,0.000,0.000,0.000,0.000,_weakrefset.py:120(update)
1,0.000,0.000,0.000,0.000,struct.py:1(<module>)
170,0.000,0.000,0.000,0.000,html_entity.py:31(__init__)
251,0.000,0.000,0.000,0.000,{method 'flush' of '_io.TextIOWrapper' objects}
10,0.000,0.000,0.000,0.000,{built-in method _imp.create_builtin}
1,0.000,0.000,0.000,0.000,{built-in method _sqlite3.connect}
1,0.000,0.000,0.000,0.000,{method 'execute' of 'sqlite3.Cursor' objects}
21,0.000,0.000,0.000,0.000,{method '__exit__' of '_io._IOBase' objects}
3,0.000,0.000,0.000,0.000,_compiler.py:511(_compile_info)
21,0.000,0.000,0.000,0.000,<frozen importlib._bootstrap_external>:666(_classify_pyc)
656,0.000,0.000,0.000,0.000,{method 'isspace' of 'str' objects}
8,0.000,0.000,0.000,0.000,_compiler.py:243(_optimize_charset)
21,0.000,0.000,0.000,0.000,<frozen importlib._bootstrap_external>:1202(path_stats)
256,0.000,0.000,0.000,0.000,{method 'release' of '_multiprocessing.SemLock' objects}
102,0.000,0.000,0.000,0.000,enum.py:38(_is_descriptor)
102,0.000,0.000,0.000,0.000,types.py:192(__init__)
1,0.000,0.000,0.000,0.000,<frozen os>:44(_get_exports_list)
2/1,0.000,0.000,0.000,0.000,std.py:663(__new__)
46,0.000,0.000,0.000,0.000,<frozen importlib._bootstrap>:74(__new__)
257,0.000,0.000,0.000,0.000,{method 'release' of '_thread.RLock' objects}
304,0.000,0.000,0.000,0.000,<frozen importlib._bootstrap>:491(_verbose_message)
1,0.000,0.000,0.000,0.000,_compression.py:1(<module>)
3,0.000,0.000,0.000,0.000,{built-in method builtins.dir}
128,0.000,0.000,0.000,0.000,attribute.py:68(<genexpr>)
63,0.000,0.000,0.000,0.000,<frozen importlib._bootstrap_external>:84(_unpack_uint32)
116,0.000,0.000,0.000,0.000,enum.py:48(_is_dunder)
102,0.000,0.000,0.000,0.000,enum.py:79(_is_private)
36,0.000,0.000,0.000,0.000,<frozen importlib._bootstrap>:445(cb)
21,0.000,0.000,0.000,0.000,<frozen importlib._bootstrap_external>:699(_validate_timestamp_pyc)
1,0.000,0.000,0.000,0.000,_compat_pickle.py:1(<module>)
170,0.000,0.000,0.000,0.000,{built-in method _imp.acquire_lock}
88,0.000,0.000,0.000,0.000,<frozen importlib._bootstrap>:1222(__enter__)
1,0.000,0.000,0.000,0.000,synchronize.py:121(_make_name)
2/1,0.000,0.000,0.000,0.000,_monitor.py:30(__init__)
64,0.000,0.000,0.000,0.000,wikicode.py:533(ifilter)
1,0.000,0.000,0.000,0.000,pickle.py:401(_Pickler)
10,0.000,0.000,0.000,0.000,<frozen importlib._bootstrap>:662(spec_from_loader)
2,0.000,0.000,0.000,0.000,{built-in method builtins.next}
26,0.000,0.000,0.000,0.000,<frozen importlib._bootstrap_external>:185(_path_abspath)
1,0.000,0.000,0.000,0.000,tempfile.py:292(__next__)
14,0.000,0.000,0.000,0.000,{built-in method _abc._abc_init}
249,0.000,0.000,0.000,0.000,utils.py:112(__format__)
36,0.000,0.000,0.000,0.000,<frozen importlib._bootstrap>:232(__init__)
21,0.000,0.000,0.000,0.000,{built-in method posix.getcwd}
26,0.000,0.000,0.000,0.000,<frozen importlib._bootstrap>:1128(find_spec)
46,0.000,0.000,0.000,0.000,<frozen importlib._bootstrap>:82(remove)
1,0.000,0.000,0.000,0.000,{built-in method _thread.start_new_thread}
6,0.000,0.000,0.000,0.000,enum.py:1562(__and__)
26,0.000,0.000,0.000,0.000,<frozen importlib._bootstrap_external>:180(_path_isabs)
249,0.000,0.000,0.000,0.000,utils.py:108(__init__)
1,0.000,0.000,0.000,0.000,<frozen importlib._bootstrap_external>:1456(_path_hooks)
18,0.000,0.000,0.000,0.000,_weakrefset.py:27(__exit__)
4,0.000,0.000,0.000,0.000,functools.py:35(update_wrapper)
102,0.000,0.000,0.000,0.000,enum.py:59(_is_sunder)
249,0.000,0.000,0.000,0.000,std.py:167(colour)
84,0.000,0.000,0.000,0.000,<frozen importlib._bootstrap_external>:134(<genexpr>)
46,0.000,0.000,0.000,0.000,<frozen importlib._bootstrap>:79(__init__)
54,0.000,0.000,0.000,0.000,attribute.py:151(pad_before_eq)
88,0.000,0.000,0.000,0.000,<frozen importlib._bootstrap>:1226(__exit__)
67,0.000,0.000,0.000,0.000,_parser.py:261(get)
46,0.000,0.000,0.000,0.000,<frozen importlib._bootstrap>:173(__exit__)
1,0.000,0.000,0.000,0.000,tempfile.py:281(rng)
54,0.000,0.000,0.000,0.000,attribute.py:155(pad_after_eq)
56,0.000,0.000,0.000,0.000,_parser.py:168(__getitem__)
136,0.000,0.000,0.000,0.000,{method 'get' of 'mappingproxy' objects}
1,0.000,0.000,0.000,0.000,<frozen importlib._bootstrap_external>:1644(_fill_cache)
21,0.000,0.000,0.000,0.000,<frozen importlib._bootstrap_external>:643(_check_name_wrapper)
8,0.000,0.000,0.000,0.000,std.py:110(__enter__)
1,0.000,0.000,0.000,0.000,subprocess.py:749(Popen)
2,0.000,0.000,0.000,0.000,functools.py:518(decorating_function)
170,0.000,0.000,0.000,0.000,{built-in method _imp.release_lock}
10,0.000,0.000,0.000,0.000,_weakrefset.py:85(add)
36,0.000,0.000,0.000,0.000,{built-in method _imp.is_builtin}
1,0.000,0.000,0.000,0.000,std.py:686(_decr_instances)
12/5,0.000,0.000,0.000,0.000,_parser.py:178(getwidth)
249,0.000,0.000,0.000,0.000,std.py:163(colour)
94,0.000,0.000,0.000,0.000,{method '__exit__' of '_thread.RLock' objects}
1,0.000,0.000,0.000,0.000,threading.py:882(__init__)
54,0.000,0.000,0.000,0.000,attribute.py:87(coerce_quotes)
1,0.000,0.000,0.000,0.000,threading.py:973(start)
1,0.000,0.000,0.000,0.000,random.py:126(__init__)
1,0.000,0.000,0.000,0.000,{built-in method posix.listdir}
8,0.000,0.000,0.000,0.000,std.py:113(__exit__)
18,0.000,0.000,0.000,0.000,_weakrefset.py:53(_commit_removals)
100,0.000,0.000,0.000,0.000,_parser.py:240(__next)
1,0.000,0.000,0.000,0.000,random.py:135(seed)
1,0.000,0.000,0.000,0.000,<frozen importlib._bootstrap_external>:1685(path_hook_for_FileFinder)
1,0.000,0.000,0.000,0.000,fnmatch.py:1(<module>)
94,0.000,0.000,0.000,0.000,{built-in method _thread.get_ident}
5/2,0.000,0.000,0.000,0.000,<frozen abc>:121(__subclasscheck__)
1,0.000,0.000,0.000,0.000,process.py:71(BaseProcess)
3,0.000,0.000,0.000,0.000,_compiler.py:386(_mk_bitmap)
1,0.000,0.000,0.000,0.000,<frozen abc>:117(__instancecheck__)
5/2,0.000,0.000,0.000,0.000,{built-in method _abc._abc_subclasscheck}
21,0.000,0.000,0.000,0.000,<frozen importlib._bootstrap>:48(_new_module)
38,0.000,0.000,0.000,0.000,__init__.py:23(<genexpr>)
102,0.000,0.000,0.000,0.000,enum.py:241(__set_name__)
64,0.000,0.000,0.000,0.000,wikicode.py:83(_build_matcher)
10,0.000,0.000,0.000,0.000,<frozen importlib._bootstrap>:501(_requires_builtin_wrapper)
70,0.000,0.000,0.000,0.000,{built-in method posix.fspath}
1,0.000,0.000,0.000,0.000,std.py:679(_get_free_pos)
38,0.000,0.000,0.000,0.000,{method 'pop' of 'dict' objects}
45,0.000,0.000,0.000,0.000,{built-in method _thread.allocate_lock}
1,0.000,0.000,0.000,0.000,{method 'disable' of '_lsprof.Profiler' objects}
26,0.000,0.000,0.000,0.000,{built-in method _imp.find_frozen}
42,0.000,0.000,0.000,0.000,{method 'rfind' of 'str' objects}
1,0.000,0.000,0.000,0.000,{built-in method _abc._abc_instancecheck}
60,0.000,0.000,0.000,0.000,_parser.py:256(match)
1,0.000,0.000,0.000,0.000,utils.py:213(__init__)
1,0.000,0.000,0.000,0.000,threading.py:616(set)
63,0.000,0.000,0.000,0.000,{built-in method from_bytes}
18,0.000,0.000,0.000,0.000,enum.py:1544(_get_value)
1,0.000,0.000,0.000,0.000,weakref.py:104(__init__)
46,0.000,0.000,0.000,0.000,{method 'remove' of 'list' objects}
1,0.000,0.000,0.000,0.000,<frozen zipimport>:64(__init__)
1,0.000,0.000,0.000,0.000,random.py:454(choices)
1,0.000,0.000,0.000,0.000,pickle.py:1129(_Unpickler)
18,0.000,0.000,0.000,0.000,_weakrefset.py:21(__enter__)
1,0.000,0.000,0.000,0.000,{function Random.seed at 0x78cd857aaa20}
46,0.000,0.000,0.000,0.000,{built-in method _weakref._remove_dead_weakref}
29,0.000,0.000,0.000,0.000,{method 'endswith' of 'str' objects}
1,0.000,0.000,0.000,0.000,tempfile.py:824(SpooledTemporaryFile)
1,0.000,0.000,0.000,0.000,contextlib.py:272(contextmanager)
1,0.000,0.000,0.000,0.000,<frozen importlib._bootstrap_external>:1567(__init__)
6,0.000,0.000,0.000,0.000,_parser.py:449(_uniq)
1,0.000,0.000,0.000,0.000,subprocess.py:695(_use_posix_spawn)
36,0.000,0.000,0.000,0.000,<frozen importlib._bootstrap>:599(__init__)
45,0.000,0.000,0.000,0.000,{method 'replace' of 'str' objects}
1,0.000,0.000,0.000,0.000,util.py:174(register_after_fork)
6,0.000,0.000,0.000,0.000,enum.py:726(__call__)
2,0.000,0.000,0.000,0.000,selectors.py:588(_can_use)
8,0.000,0.000,0.000,0.000,_compiler.py:216(_compile_charset)
44,0.000,0.000,0.000,0.000,{method 'setdefault' of 'dict' objects}
2,0.000,0.000,0.000,0.000,_parser.py:98(closegroup)
1,0.000,0.000,0.000,0.000,<frozen posixpath>:416(abspath)
2,0.000,0.000,0.000,0.000,threading.py:588(__init__)
79,0.000,0.000,0.000,0.000,signal.py:21(<lambda>)
3,0.000,0.000,0.000,0.000,{built-in method builtins.sorted}
30,0.000,0.000,0.000,0.000,{method 'find' of 'bytearray' objects}
78,0.000,0.000,0.000,0.000,signal.py:16(<lambda>)
20,0.000,0.000,0.000,0.000,_parser.py:293(tell)
10,0.000,0.000,0.000,0.000,{method 'extend' of 'list' objects}
19,0.000,0.000,0.000,0.000,{method 'remove' of 'set' objects}
5,0.000,0.000,0.000,0.000,threading.py:311(_acquire_restore)
98,0.000,0.000,0.000,0.000,enum.py:1185(__init__)
1,0.000,0.000,0.000,0.000,context.py:30(BaseContext)
21,0.000,0.000,0.000,0.000,{built-in method builtins.min}
1,0.000,0.000,0.000,0.000,threading.py:424(notify_all)
1,0.000,0.000,0.000,0.000,<frozen abc>:110(register)
2,0.000,0.000,0.000,0.000,_parser.py:372(_escape)
1,0.000,0.000,0.000,0.000,contexts.py:1(<module>)
1,0.000,0.000,0.000,0.000,{built-in method fcntl.ioctl}
21,0.000,0.000,0.000,0.000,_parser.py:164(__len__)
15,0.000,0.000,0.000,0.000,_parser.py:176(append)
6,0.000,0.000,0.000,0.000,threading.py:302(__exit__)
5,0.000,0.000,0.000,0.000,_compiler.py:398(_simple)
2,0.000,0.000,0.000,0.000,_parser.py:274(getuntil)
7,0.000,0.000,0.000,0.000,threading.py:314(_is_owned)
1,0.000,0.000,0.000,0.000,{built-in method _abc._abc_register}
1,0.000,0.000,0.000,0.000,std.py:438(status_printer)
1,0.000,0.000,0.000,0.000,weakref.py:164(__setitem__)
1,0.000,0.000,0.000,0.000,_weakrefset.py:110(remove)
7,0.000,0.000,0.000,0.000,threading.py:299(__enter__)
1,0.000,0.000,0.000,0.000,socket.py:215(socket)
36,0.000,0.000,0.000,0.000,<frozen importlib._bootstrap>:412(__init__)
10,0.000,0.000,0.000,0.000,std.py:1157(__hash__)
1,0.000,0.000,0.000,0.000,subprocess.py:470(CompletedProcess)
1,0.000,0.000,0.000,0.000,process.py:399(__init__)
2,0.000,0.000,0.000,0.000,std.py:1286(fp_write)
46,0.000,0.000,0.000,0.000,<frozen importlib._bootstrap>:158(__init__)
2,0.000,0.000,0.000,0.000,_parser.py:86(opengroup)
1,0.000,0.000,0.000,0.000,threading.py:394(notify)
21,0.000,0.000,0.000,0.000,{built-in method _imp._fix_co_filename}
1,0.000,0.000,0.000,0.000,synchronize.py:46(SemLock)
1,0.000,0.000,0.000,0.000,tempfile.py:999(TemporaryDirectory)
14,0.000,0.000,0.000,0.000,{built-in method builtins.issubclass}
23,0.000,0.000,0.000,0.000,{method 'items' of 'dict' objects}
85,0.000,0.000,0.000,0.000,_compat_pickle.py:167(<genexpr>)
2,0.000,0.000,0.000,0.000,threading.py:277(__init__)
1,0.000,0.000,0.000,0.000,bz2.py:26(BZ2File)
1,0.000,0.000,0.000,0.000,threading.py:1043(_set_tstate_lock)
2,0.000,0.000,0.000,0.000,functools.py:479(lru_cache)
52,0.000,0.000,0.000,0.000,<frozen importlib._bootstrap_external>:71(_relax_case)
6,0.000,0.000,0.000,0.000,{built-in method fromkeys}
18,0.000,0.000,0.000,0.000,_weakrefset.py:17(__init__)
64,0.000,0.000,0.000,0.000,wikicode.py:95(<lambda>)
21,0.000,0.000,0.000,0.000,enum.py:93(_is_single_bit)
1,0.000,0.000,0.000,0.000,lzma.py:38(LZMAFile)
3,0.000,0.000,0.000,0.000,_parser.py:231(__init__)
1,0.000,0.000,0.000,0.000,functools.py:393(__get__)
9,0.000,0.000,0.000,0.000,{method 'setter' of 'property' objects}
6,0.000,0.000,0.000,0.000,signal.py:51(decorator)
7,0.000,0.000,0.000,0.000,enum.py:828(__members__)
3,0.000,0.000,0.000,0.000,_compiler.py:436(_get_literal_prefix)
1,0.000,0.000,0.000,0.000,synchronize.py:370(Barrier)
9,0.000,0.000,0.000,0.000,{built-in method sys.intern}
43,0.000,0.000,0.000,0.000,_compat_pickle.py:165(<genexpr>)
6,0.000,0.000,0.000,0.000,threading.py:308(_release_save)
1,0.000,0.000,0.000,0.000,utils.py:266(_supports_unicode)
1,0.000,0.000,0.000,0.000,<frozen posixpath>:60(isabs)
1,0.000,0.000,0.000,0.000,weakref.py:289(update)
1,0.000,0.000,0.000,0.000,selectors.py:80(BaseSelector)
1,0.000,0.000,0.000,0.000,<frozen importlib._bootstrap_external>:164(_path_isdir)
1,0.000,0.000,0.000,0.000,subprocess.py:126(CalledProcessError)
2,0.000,0.000,0.000,0.000,utils.py:187(disable_on_exception)
6,0.000,0.000,0.000,0.000,enum.py:1129(__new__)
1,0.000,0.000,0.000,0.000,reduction.py:33(ForkingPickler)
35,0.000,0.000,0.000,0.000,<frozen importlib._bootstrap>:653(has_location)
11,0.000,0.000,0.000,0.000,{method 'isidentifier' of 'str' objects}
3,0.000,0.000,0.000,0.000,{built-in method _sre.compile}
10,0.000,0.000,0.000,0.000,_parser.py:83(groups)
1,0.000,0.000,0.000,0.000,<frozen posixpath>:408(normpath)
1,0.000,0.000,0.000,0.000,utils.py:156(__init__)
1,0.000,0.000,0.000,0.000,threading.py:1249(daemon)
21,0.000,0.000,0.000,0.000,<frozen importlib._bootstrap_external>:1153(__init__)
23,0.000,0.000,0.000,0.000,enum.py:820(<genexpr>)
11,0.000,0.000,0.000,0.000,{built-in method builtins.id}
1,0.000,0.000,0.000,0.000,utils.py:125(__eq__)
1,0.000,0.000,0.000,0.000,socket.py:664(SocketIO)
1,0.000,0.000,0.000,0.000,synchronize.py:217(Condition)
5,0.000,0.000,0.000,0.000,{method 'remove' of 'collections.deque' objects}
1,0.000,0.000,0.000,0.000,_compression.py:33(DecompressReader)
7,0.000,0.000,0.000,0.000,enum.py:1692(_simple_enum)
6,0.000,0.000,0.000,0.000,_compiler.py:570(isstring)
3,0.000,0.000,0.000,0.000,{method 'split' of 'str' objects}
3,0.000,0.000,0.000,0.000,utils.py:152(wrapper_setattr)
7,0.000,0.000,0.000,0.000,{method '__enter__' of '_thread.lock' objects}
21,0.000,0.000,0.000,0.000,<frozen importlib._bootstrap_external>:1178(get_filename)
1,0.000,0.000,0.000,0.000,subprocess.py:163(TimeoutExpired)
11,0.000,0.000,0.000,0.000,_parser.py:113(__init__)
1,0.000,0.000,0.000,0.000,{method 'close' of 'select.epoll' objects}
7,0.000,0.000,0.000,0.000,{method 'items' of 'mappingproxy' objects}
7,0.000,0.000,0.000,0.000,{method 'release' of '_thread.lock' objects}
1,0.000,0.000,0.000,0.000,tempfile.py:271(_RandomNameSequence)
1,0.000,0.000,0.000,0.000,{built-in method math.ceil}
9,0.000,0.000,0.000,0.000,__init__.py:429(<genexpr>)
1,0.000,0.000,0.000,0.000,tempfile.py:571(_TemporaryFileCloser)
1,0.000,0.000,0.000,0.000,util.py:185(Finalize)
21,0.000,0.000,0.000,0.000,<frozen importlib._bootstrap_external>:986(create_module)
1,0.000,0.000,0.000,0.000,{built-in method posix.getpid}
1,0.000,0.000,0.000,0.000,{built-in method fromtimestamp}
8,0.000,0.000,0.000,0.000,{method 'random' of '_random.Random' objects}
3,0.000,0.000,0.000,0.000,_parser.py:953(fix_flags)
1,0.000,0.000,0.000,0.000,process.py:364(_ParentProcess)
1,0.000,0.000,0.000,0.000,_compiler.py:407(_generate_overlap_table)
2,0.000,0.000,0.000,0.000,functools.py:65(wraps)
2,0.000,0.000,0.000,0.000,_parser.py:304(checkgroupname)
2,0.000,0.000,0.000,0.000,std.py:1153(_comparable)
2,0.000,0.000,0.000,0.000,enum.py:816(__iter__)
1,0.000,0.000,0.000,0.000,synchronize.py:328(Event)
9,0.000,0.000,0.000,0.000,{method '__contains__' of 'frozenset' objects}
1,0.000,0.000,0.000,0.000,context.py:220(Process)
1,0.000,0.000,0.000,0.000,utils.py:252(_is_utf)
2,0.000,0.000,0.000,0.000,utils.py:139(__getattr__)
2,0.000,0.000,0.000,0.000,utils.py:222(__eq__)
6,0.000,0.000,0.000,0.000,{method '__exit__' of '_thread.lock' objects}
1,0.000,0.000,0.000,0.000,weakref.py:347(__new__)
1,0.000,0.000,0.000,0.000,{built-in method posix.urandom}
1,0.000,0.000,0.000,0.000,threading.py:1036(_set_ident)
10,0.000,0.000,0.000,0.000,threading.py:601(is_set)
1,0.000,0.000,0.000,0.000,selectors.py:341(_PollLikeSelector)
8,0.000,0.000,0.000,0.000,<frozen importlib._bootstrap_external>:1573(<genexpr>)
1,0.000,0.000,0.000,0.000,reduction.py:251(AbstractReducer)
6,0.000,0.000,0.000,0.000,{method 'append' of 'collections.deque' objects}
14,0.000,0.000,0.000,0.000,attribute.py:100(value)
1,0.000,0.000,0.000,0.000,{built-in method posix.sysconf}
1,0.000,0.000,0.000,0.000,tempfile.py:614(_TemporaryFileWrapper)
3,0.000,0.000,0.000,0.000,{method 'translate' of 'bytearray' objects}
6,0.000,0.000,0.000,0.000,signal.py:50(_wraps)
1,0.000,0.000,0.000,0.000,selectors.py:206(_BaseSelectorImpl)
1,0.000,0.000,0.000,0.000,context.py:277(ForkProcess)
1,0.000,0.000,0.000,0.000,threading.py:837(_newname)
5,0.000,0.000,0.000,0.000,_parser.py:172(__setitem__)
2,0.000,0.000,0.000,0.000,_compiler.py:467(_get_charset_prefix)
5,0.000,0.000,0.000,0.000,<frozen _collections_abc>:341(__subclasshook__)
1,0.000,0.000,0.000,0.000,selectors.py:290(SelectSelector)
1,0.000,0.000,0.000,0.000,weakref.py:352(__init__)
8,0.000,0.000,0.000,0.000,{built-in method math.floor}
2,0.000,0.000,0.000,0.000,threading.py:1234(daemon)
1,0.000,0.000,0.000,0.000,threading.py:1483(current_thread)
1,0.000,0.000,0.000,0.000,context.py:237(get_context)
1,0.000,0.000,0.000,0.000,pickle.py:194(_Framer)
1,0.000,0.000,0.000,0.000,<frozen posixpath>:41(_get_sep)
1,0.000,0.000,0.000,0.000,_compression.py:9(BaseStream)
1,0.000,0.000,0.000,0.000,{built-in method math.log}
1,0.000,0.000,0.000,0.000,threading.py:1354(_make_invoke_excepthook)
5,0.000,0.000,0.000,0.000,reduction.py:43(register)
1,0.000,0.000,0.000,0.000,util.py:371(ForkAwareThreadLock)
1,0.000,0.000,0.000,0.000,selectors.py:442(EpollSelector)
1,0.000,0.000,0.000,0.000,synchronize.py:90(_make_methods)
1,0.000,0.000,0.000,0.000,threading.py:1040(_set_native_id)
10,0.000,0.000,0.000,0.000,<frozen importlib._bootstrap>:1014(is_package)
1,0.000,0.000,0.000,0.000,context.py:284(SpawnProcess)
3,0.000,0.000,0.000,0.000,tag.py:262(closing_wiki_markup)
1,0.000,0.000,0.000,0.000,context.py:230(DefaultContext)
1,0.000,0.000,0.000,0.000,context.py:203(reducer)
1,0.000,0.000,0.000,0.000,selectors.py:60(_SelectorMapping)
2,0.000,0.000,0.000,0.000,{built-in method sys._getframemodulename}
2,0.000,0.000,0.000,0.000,{built-in method atexit.register}
3,0.000,0.000,0.000,0.000,_parser.py:77(__init__)
1,0.000,0.000,0.000,0.000,synchronize.py:130(Semaphore)
1,0.000,0.000,0.000,0.000,{method 'cursor' of 'sqlite3.Connection' objects}
4,0.000,0.000,0.000,0.000,attribute.py:105(quotes)
1,0.000,0.000,0.000,0.000,{built-in method posix._path_normpath}
2,0.000,0.000,0.000,0.000,data_extractor.py:11(make_section_header_string)
1,0.000,0.000,0.000,0.000,selectors.py:433(PollSelector)
3,0.000,0.000,0.000,0.000,std.py:226(__init__)
2,0.000,0.000,0.000,0.000,_compiler.py:31(_combine_flags)
1,0.000,0.000,0.000,0.000,{built-in method posix.confstr}
5,0.000,0.000,0.000,0.000,{built-in method builtins.globals}
1,0.000,0.000,0.000,0.000,pickle.py:257(_Unframer)
1,0.000,0.000,0.000,0.000,{built-in method _thread._set_sentinel}
5,0.000,0.000,0.000,0.000,_compiler.py:428(_get_iscased)
2,0.000,0.000,0.000,0.000,{built-in method _weakref.proxy}
4,0.000,0.000,0.000,0.000,<frozen abc>:7(abstractmethod)
1,0.000,0.000,0.000,0.000,std.py:1147(__del__)
1,0.000,0.000,0.000,0.000,context.py:296(ForkServerProcess)
1,0.000,0.000,0.000,0.000,process.py:397(_MainProcess)
4,0.000,0.000,0.000,0.000,<frozen importlib._bootstrap_external>:1276(__init__)
1,0.000,0.000,0.000,0.000,util.py:388(ForkAwareLocal)
1,0.000,0.000,0.000,0.000,context.py:197(get_start_method)
1,0.000,0.000,0.000,0.000,shutil.py:70(SameFileError)
1,0.000,0.000,0.000,0.000,synchronize.py:191(RLock)
1,0.000,0.000,0.000,0.000,synchronize.py:166(Lock)
1,0.000,0.000,0.000,0.000,synchronize.py:149(BoundedSemaphore)
1,0.000,0.000,0.000,0.000,{method 'encode' of 'str' objects}
1,0.000,0.000,0.000,0.000,context.py:233(__init__)
1,0.000,0.000,0.000,0.000,process.py:349(AuthenticationString)
1,0.000,0.000,0.000,0.000,subprocess.py:123(SubprocessError)
1,0.000,0.000,0.000,0.000,util.py:108(_platform_supports_abstract_sockets)
1,0.000,0.000,0.000,0.000,util.py:48(debug)
1,0.000,0.000,0.000,0.000,{method 'difference' of 'set' objects}
1,0.000,0.000,0.000,0.000,socket.py:212(_GiveupOnSendfile)
1,0.000,0.000,0.000,0.000,shutil.py:87(_GiveupOnFastCopy)
1,0.000,0.000,0.000,0.000,process.py:37(current_process)
1,0.000,0.000,0.000,0.000,reduction.py:211(_C)
1,0.000,0.000,0.000,0.000,utils.py:282(_screen_shape_wrapper)
1,0.000,0.000,0.000,0.000,shutil.py:67(Error)
1,0.000,0.000,0.000,0.000,pickle.py:73(PickleError)
1,0.000,0.000,0.000,0.000,context.py:311(ForkServerContext)
1,0.000,0.000,0.000,0.000,context.py:307(SpawnContext)
1,0.000,0.000,0.000,0.000,{built-in method _thread.get_native_id}
1,0.000,0.000,0.000,0.000,pickle.py:97(_Stop)
1,0.000,0.000,0.000,0.000,{method 'lower' of 'str' objects}
1,0.000,0.000,0.000,0.000,shutil.py:73(SpecialFileError)
1,0.000,0.000,0.000,0.000,{built-in method _thread.daemon_threads_allowed}
1,0.000,0.000,0.000,0.000,context.py:303(ForkContext)
1,0.000,0.000,0.000,0.000,context.py:14(ProcessError)
1,0.000,0.000,0.000,0.000,shutil.py:77(ExecError)
1,0.000,0.000,0.000,0.000,pickle.py:77(PicklingError)
1,0.000,0.000,0.000,0.000,pickle.py:84(UnpicklingError)
1,0.000,0.000,0.000,0.000,shutil.py:80(ReadError)
1,0.000,0.000,0.000,0.000,shutil.py:83(RegistryError)
1,0.000,0.000,0.000,0.000,context.py:17(BufferTooShort)
1,0.000,0.000,0.000,0.000,context.py:20(TimeoutError)
1,0.000,0.000,0.000,0.000,context.py:23(AuthenticationError)
1,0.000,0.000,0.000,0.000,std.py:1301(<lambda>)